﻿pos_x,pos_y,rotation,side,designator,mpn,pack,footprint,value,mount_type
148.2725,-125.74,0.0,top,C1,,,C_0603_1608Metric_Pad1.08x0.95mm_HandSolder,4.7u,smt
126.9375,-102.48,180.0,top,C10,,,C_0603_1608Metric_Pad1.08x0.95mm_HandSolder,0.1u,smt
131.5,-108.5,180.0,top,C11,,,C_0603_1608Metric_Pad1.08x0.95mm_HandSolder,0.1u,smt
152.0725,-116.46,0.0,top,C2,,,C_0603_1608Metric_Pad1.08x0.95mm_HandSolder,4.7u,smt
152.0725,-110.96,0.0,top,C3,,,C_0603_1608Metric_Pad1.08x0.95mm_HandSolder,47u,smt
138.0975,-114.14,180.0,top,C4,,,C_0603_1608Metric_Pad1.08x0.95mm_HandSolder,47u,smt
137.185,-118.58,180.0,top,C5,,,C_0603_1608Metric_Pad1.08x0.95mm_HandSolder,10u,smt
137.185,-120.255,180.0,top,C6,,,C_0603_1608Metric_Pad1.08x0.95mm_HandSolder,0.1u,smt
128.425,-97.5625,-90.0,top,C7,,,C_0603_1608Metric_Pad1.08x0.95mm_HandSolder,10u,smt
130.0,-97.5625,-90.0,top,C8,,,C_0603_1608Metric_Pad1.08x0.95mm_HandSolder,0.1u,smt
133.5,-99.3875,-90.0,top,C9,,,C_0603_1608Metric_Pad1.08x0.95mm_HandSolder,1u,smt
145.0,-114.14,0.0,top,D1,,,D_0603_1608Metric_Pad1.05x0.95mm_HandSolder,D_Schottky,smt
145.0,-117.725,90.0,top,D2,,,LED_0603_1608Metric_Pad1.05x0.95mm_HandSolder,LED,smt
135.6,-113.485,90.0,top,D3,,,LED_0603_1608Metric_Pad1.05x0.95mm_HandSolder,LED,smt
145.0,-135.0,0.0,top,J1,,,GCT_USB4105-GF-A,USB4105-GF-A,smt
129.475,-120.915,-90.0,top,J2,,,"TerminalBlock_Phoenix_MKDS-1,5-2-5.08_1x02_P5.08mm_Horizontal",Screw_Terminal_01x02,tht
159.6,-123.67,90.0,top,J3,,,"TerminalBlock_Phoenix_MKDS-1,5-2-5.08_1x02_P5.08mm_Horizontal",Screw_Terminal_01x02,tht
140.855,-116.22,180.0,top,L1,,,L_0805_2012Metric_Pad1.05x1.20mm_HandSolder,4.7u,smt
152.235,-113.575,0.0,top,Q1,,,SOT91P240X110-3N_DMG2305UX-7,Q_PMOS_DSG,smt
147.5575,-116.25,0.0,top,R1,,,R_0603_1608Metric_Pad0.98x0.95mm_HandSolder,400,smt
144.1075,-123.14,180.0,top,R10,,,R_0603_1608Metric_Pad0.98x0.95mm_HandSolder,100k,smt
139.0,-132.0,-90.0,top,R2,,,R_0603_1608Metric_Pad0.98x0.95mm_HandSolder,5.1k,smt
145.0,-111.69,0.0,top,R3,,,R_0603_1608Metric_Pad0.98x0.95mm_HandSolder,100k,smt
138.1075,-112.61,0.0,top,R4,,,R_0603_1608Metric_Pad0.98x0.95mm_HandSolder,150,smt
151.06,-132.0,-90.0,top,R5,,,R_0603_1608Metric_Pad0.98x0.95mm_HandSolder,5.1k,smt
157.6425,-99.7,0.0,top,R6,,,R_0603_1608Metric_Pad0.98x0.95mm_HandSolder,10k,smt
132.1125,-105.7,180.0,top,R7,,,R_0603_1608Metric_Pad0.98x0.95mm_HandSolder,10k,smt
131.85,-97.6125,90.0,top,R8,,,R_0603_1608Metric_Pad0.98x0.95mm_HandSolder,10k,smt
141.5775,-122.2275,90.0,top,R9,,,R_0603_1608Metric_Pad0.98x0.95mm_HandSolder,634k,smt
127.8,-107.165,-90.0,top,S1,,None,SW_EVP-AWCD4A,EVP-AWCD4A,smt
130.73,-111.78,180.0,top,S2,,None,SW_EVP-AWCD4A,EVP-AWCD4A,smt
145.25,-127.735,90.0,top,U1,,,USON-10_2.5x1.0mm_P0.5mm,TPD4E02B04DQA,smt
149.305,-121.075,90.0,top,U2,,,SOIC-8_3.9x4.9mm_P1.27mm,MAX1811,smt
141.52,-112.915,90.0,top,U3,,,SON50P250X250X80-11N,RT6150B-33GQW,smt
145.94,-102.6,0.0,top,U5,,,ESP32-C3-WROOM-02,ESP32-C3-WROOM-02,smt
138.5575,-123.89,180.0,top,U6,,,TQFN-16-1EP_3x3mm_P0.5mm_EP1.23x1.23mm_ThermalVias,MAX98357A,smt
