﻿Designator,Quantity,Value,Footprint,Package,MPN,DNP,Mount_Type,Description,PARTREV,STANDARD,MAXIMUM_PACKAGE_HEIGHT,MANUFACTURER,MF,DESCRIPTION,PRICE,MP,AVAILABILITY,SNAPEDA_PACKAGE_ID
"C1, C2",2,4.7u,C_0603_1608Metric_Pad1.08x0.95mm_HandSolder,,,,smt,Unpolarized capacitor,,,,,,,,,,
"C10, C11, C6, C8",4,0.1u,C_0603_1608Metric_Pad1.08x0.95mm_HandSolder,,,,smt,Unpolarized capacitor,,,,,,,,,,
"C3, C4",2,47u,C_0603_1608Metric_Pad1.08x0.95mm_HandSolder,,,,smt,Unpolarized capacitor,,,,,,,,,,
"C5, C7",2,10u,C_0603_1608Metric_Pad1.08x0.95mm_HandSolder,,,,smt,Unpolarized capacitor,,,,,,,,,,
C9,1,1u,C_0603_1608Metric_Pad1.08x0.95mm_HandSolder,,,,smt,Unpolarized capacitor,,,,,,,,,,
D1,1,D_Schottky,D_0603_1608Metric_Pad1.05x0.95mm_HandSolder,,,,smt,Schottky diode,,,,,,,,,,
"D2, D3",2,LED,LED_0603_1608Metric_Pad1.05x0.95mm_HandSolder,,,,smt,Light emitting diode,,,,,,,,,,
J1,1,USB4105-GF-A,GCT_USB4105-GF-A,,,,smt,,B4,Manufacturer Recommendations,3.31 mm,GCT,,,,,,
"J2, J3",2,Screw_Terminal_01x02,"TerminalBlock_Phoenix_MKDS-1,5-2-5.08_1x02_P5.08mm_Horizontal",,,,tht,"Generic screw terminal, single row, 01x02, script generated (kicad-library-utils/schlib/autogen/connector/)",,,,,,,,,,
L1,1,4.7u,L_0805_2012Metric_Pad1.05x1.20mm_HandSolder,,,,smt,Inductor with ferrite core,,,,,,,,,,
Q1,1,Q_PMOS_DSG,SOT91P240X110-3N_DMG2305UX-7,,,,smt,"P-MOSFET transistor, drain/source/gate",,,,,,,,,,
R1,1,400,R_0603_1608Metric_Pad0.98x0.95mm_HandSolder,,,,smt,Resistor,,,,,,,,,,
"R10, R3",2,100k,R_0603_1608Metric_Pad0.98x0.95mm_HandSolder,,,,smt,Resistor,,,,,,,,,,
"R2, R5",2,5.1k,R_0603_1608Metric_Pad0.98x0.95mm_HandSolder,,,,smt,Resistor,,,,,,,,,,
R4,1,150,R_0603_1608Metric_Pad0.98x0.95mm_HandSolder,,,,smt,Resistor,,,,,,,,,,
"R6, R7, R8",3,10k,R_0603_1608Metric_Pad0.98x0.95mm_HandSolder,,,,smt,Resistor,,,,,,,,,,
R9,1,634k,R_0603_1608Metric_Pad0.98x0.95mm_HandSolder,,,,smt,Resistor,,,,,,,,,,
"S1, S2",2,EVP-AWCD4A,SW_EVP-AWCD4A,None,,,smt,,,,,,Panasonic,Tactile Switch SPST-NO Top Actuated Surface Mount,None,EVP-AWBD2A,Bad,
U1,1,TPD4E02B04DQA,USON-10_2.5x1.0mm_P0.5mm,,,,smt,"4-Channel ESD Protection Diode for USB Type-C and HDMI 2.0, USON-10",,,,,,,,,,
U2,1,MAX1811,SOIC-8_3.9x4.9mm_P1.27mm,,,,smt,"USB Powered Li+ Charger, 4.1V/4.2V battery, 5V input, 0.1/0.5A charging current",,,,,,,,,,
U3,1,RT6150B-33GQW,SON50P250X250X80-11N,,,,smt,,July 2018,Manufacturer Recommendations,0.8 mm,Richtek USA Inc.,,,,,,19032
U5,1,ESP32-C3-WROOM-02,ESP32-C3-WROOM-02,,,,smt,"ESP32-C3-WROOM-02 is a general-purpose Wi-Fi and Bluetooth LE module. This module features a rich set of peripherals and high performance, which makes it an ideal choice for smart home, industrial automation, health care, consumer electronics, etc.",,,,,,,,,,
U6,1,MAX98357A,TQFN-16-1EP_3x3mm_P0.5mm_EP1.23x1.23mm_ThermalVias,,,,smt,"Mono DAC with amplifier, I2S, PCM, TDM, 32-bit, 96khz, 3.2W, TQFP-16",,,,,,,,,,
